{"EXECUTION_ROLE_ARN": "arn:aws:iam::014669633018:role/Take-On-Service",
"INGEST_ZONE_BUCKET": "takeon-ingestion-ingest-zone-bucket",
"INGEST_ZONE_QUEUE": "https://sqs.eu-west-2.amazonaws.com/014669633018/takeon-ingestion-IngestZone",
"BUSINESS_LAYER_ENDPOINT": "http://a8f1926bdf1c111e9a5a70a6b6f05390-484c09026fdfe776.elb.eu-west-2.amazonaws.com:8088/response/saveBatchResponses/",
"SECURITY_GROUP_ID": "sg-06fc64d77bd38bea1",
"SUBNET_ID": "subnet-0cbc63301c37a86ca",
"ERROR_QUEUE_URL": "https://sqs.eu-west-2.amazonaws.com/014669633018/TakeOn-Validation-HandledErrors"}
